"","Df","Sum Sq","Mean Sq","F value","Pr(>F)"
"ProportionAreaChosen",9,715.834439717067,79.537159968563,991.767079659515,0
"Species",70,5229.68724577412,74.7098177967731,931.573843565523,0
"ClimateScenario",2,8.94774679914476,4.47387339957238,55.7857529488609,6.27975207287278e-25
"Year",1,2.06565166244411,2.06565166244411,25.757084080771,3.88505339609306e-07
"Run",4,0.00652504819308395,0.00163126204827099,0.0203405804081081,0.99919459608211
"Residuals",53163,4263.53538258236,0.0801974189301273,NA,NA
